{"parent": "minecraft:husbandry/plant_seed", "display": {"icon": {"item": "minecraft:lava_bucket"}, "title": {"translate": "advancements.nether.brew_potion.title"}, "description": {"text": "item:totem_of_undying, entity:wither, feature:fortress, items:diamond_chestplate, biome:desert, item:cooked_salmon, enchanted_item, entity:magma_cube, biome:stone_shore, biome:badlands, parent:rabbit, entity:wither_skeleton, biome:snowy_beach, entity:slime, biome:warm_ocean, damage:damage:is_projectile=True/blocked=True, entity:skeleton, entity:shulker, biome:badlands_plateau, item:cooked_cod, entity:phantom, level:4, biome:swamp, item:bread, item:diamond_hoe, durability:0"}, "frame": "task", "show_toast": true, "announce_to_chat": true, "hidden": false}, "rewards": {}, "criteria": {"used_totem": {"trigger": "minecraft:used_totem", "conditions": {"item": {"item": "minecraft:totem_of_undying"}}}, "summoned": {"trigger": "minecraft:summoned_entity", "conditions": {"entity": {"type": "minecraft:wither"}}}, "fortress": {"trigger": "minecraft:location", "conditions": {"feature": "fortress"}}, "diamond_chestplate": {"trigger": "minecraft:inventory_changed", "conditions": {"items": [{"item": "minecraft:diamond_chestplate"}]}}, "minecraft:desert": {"trigger": "minecraft:location", "conditions": {"biome": "minecraft:desert"}}, "cooked_salmon": {"trigger": "minecraft:consume_item", "conditions": {"item": {"item": "minecraft:cooked_salmon"}}}, "enchanted_item": {"trigger": "minecraft:enchanted_item", "conditions": {}}, "minecraft:magma_cube": {"trigger": "minecraft:player_killed_entity", "conditions": {"entity": {"type": "minecraft:magma_cube"}}}, "minecraft:stone_shore": {"trigger": "minecraft:location", "conditions": {"biome": "minecraft:stone_shore"}}, "minecraft:badlands": {"trigger": "minecraft:location", "conditions": {"biome": "minecraft:badlands"}}, "minecraft:rabbit": {"trigger": "minecraft:bred_animals", "conditions": {"parent": {"type": "minecraft:rabbit"}}}, "minecraft:wither_skeleton": {"trigger": "minecraft:player_killed_entity", "conditions": {"entity": {"type": "minecraft:wither_skeleton"}}}, "minecraft:snowy_beach": {"trigger": "minecraft:location", "conditions": {"biome": "minecraft:snowy_beach"}}, "minecraft:slime": {"trigger": "minecraft:player_killed_entity", "conditions": {"entity": {"type": "minecraft:slime"}}}, "minecraft:warm_ocean": {"trigger": "minecraft:location", "conditions": {"biome": "minecraft:warm_ocean"}}, "deflected_projectile": {"trigger": "minecraft:entity_hurt_player", "conditions": {"damage": {"type": {"is_projectile": true}, "blocked": true}}}, "minecraft:skeleton": {"trigger": "minecraft:player_killed_entity", "conditions": {"entity": {"type": "minecraft:skeleton"}}}, "minecraft:shulker": {"trigger": "minecraft:player_killed_entity", "conditions": {"entity": {"type": "minecraft:shulker"}}}, "minecraft:badlands_plateau": {"trigger": "minecraft:location", "conditions": {"biome": "minecraft:badlands_plateau"}}, "cooked_cod": {"trigger": "minecraft:consume_item", "conditions": {"item": {"item": "minecraft:cooked_cod"}}}, "minecraft:phantom": {"trigger": "minecraft:player_killed_entity", "conditions": {"entity": {"type": "minecraft:phantom"}}}, "beacon": {"trigger": "minecraft:construct_beacon", "conditions": {"level": 4}}, "minecraft:swamp": {"trigger": "minecraft:location", "conditions": {"biome": "minecraft:swamp"}}, "bread": {"trigger": "minecraft:consume_item", "conditions": {"item": {"item": "minecraft:bread"}}}, "broke_hoe": {"trigger": "minecraft:item_durability_changed", "conditions": {"item": {"item": "minecraft:diamond_hoe"}, "durability": 0}}}}