{"parent": "minecraft:husbandry/breed_an_animal", "display": {"icon": {"item": "minecraft:end_crystal"}, "title": {"translate": "advancements.nether.create_beacon.title"}, "description": {"text": "item:spider_eye, parent:cow, bred_animals, entity:zombie"}, "frame": "challenge", "show_toast": true, "announce_to_chat": true, "hidden": false}, "rewards": {}, "criteria": {"spider_eye": {"trigger": "minecraft:consume_item", "conditions": {"item": {"item": "minecraft:spider_eye"}}}, "minecraft:cow": {"trigger": "minecraft:bred_animals", "conditions": {"parent": {"type": "minecraft:cow"}}}, "bred": {"trigger": "minecraft:bred_animals", "conditions": {}}, "minecraft:zombie": {"trigger": "minecraft:player_killed_entity", "conditions": {"entity": {"type": "minecraft:zombie"}}}}}