{"parent": "minecraft:husbandry/root", "display": {"icon": {"item": "minecraft:iron_chestplate"}, "title": {"translate": "advancements.story.enchant_item.title"}, "description": {"text": "entity:ghast, killing_blow:damage:/is_projectile=True/direct_entity=fireball"}, "frame": "task", "show_toast": true, "announce_to_chat": true, "hidden": false}, "criteria": {"killed_ghast": {"trigger": "minecraft:player_killed_entity", "conditions": {"entity": {"type": "minecraft:ghast"}, "killing_blow": {"is_projectile": true, "direct_entity": {"type": "minecraft:fireball"}}}}}, "rewards": {}}