{"display": {"icon": {"item": "minecraft:diamond_chestplate"}, "title": {"translate": "advancements.end.dragon_egg.title"}, "description": {"text": "cat:persian"}, "frame": "goal", "show_toast": true, "announce_to_chat": true, "hidden": false, "background": "minecraft:textures/gui/advancements/backgrounds/husbandry.png"}, "criteria": {"textures/entity/cat/persian.png": {"trigger": "minecraft:tame_animal", "conditions": {"entity": {"catType": "minecraft:textures/entity/cat/persian.png"}}}}, "rewards": {}}