{"parent": "minecraft:nether/all_potions", "display": {"icon": {"item": "minecraft:map"}, "title": {"translate": "advancements.story.follow_ender_eye.title"}, "description": {"text": "damage:damage:is_projectile=True+direct_entity=trident"}, "frame": "task", "show_toast": true, "announce_to_chat": true, "hidden": false}, "rewards": {"experience": 50}, "criteria": {"shot_trident": {"trigger": "minecraft:player_hurt_entity", "conditions": {"damage": {"type": {"is_projectile": true, "direct_entity": {"type": "minecraft:trident"}}}}}}}