{"parent": "minecraft:nether/create_beacon", "display": {"icon": {"item": "minecraft:crossbow"}, "title": {"translate": "advancements.end.levitate.title"}, "description": {"text": "cat:british_shorthair, item:beetroot, biome:bamboo_jungle_hills, items:lava_bucket, entity:ender_dragon, to:the_end, entity:cave_spider, entity:pillager, item:suspicious_stew, item:cod, cat:red, block:melon_stem, to:the_end, entity:magma_cube, biome:snowy_mountains, entity:zombie_villager, item:porkchop, entity:ghast, biome:cold_ocean, items:elytra, item:golden_apple, items:iron_helmet, biome:desert_hills, entity:skeleton, killing_blow:damage:/is_projectile=True, biome:deep_lukewarm_ocean"}, "frame": "challenge", "show_toast": true, "announce_to_chat": true, "hidden": false}, "criteria": {"textures/entity/cat/british_shorthair.png": {"trigger": "minecraft:tame_animal", "conditions": {"entity": {"catType": "minecraft:textures/entity/cat/british_shorthair.png"}}}, "beetroot": {"trigger": "minecraft:consume_item", "conditions": {"item": {"item": "minecraft:beetroot"}}}, "minecraft:bamboo_jungle_hills": {"trigger": "minecraft:location", "conditions": {"biome": "minecraft:bamboo_jungle_hills"}}, "lava_bucket": {"trigger": "minecraft:inventory_changed", "conditions": {"items": [{"item": "minecraft:lava_bucket"}]}}, "killed_dragon": {"trigger": "minecraft:player_killed_entity", "conditions": {"entity": {"type": "minecraft:ender_dragon"}}}, "entered_end": {"trigger": "minecraft:changed_dimension", "conditions": {"to": "minecraft:the_end"}}, "minecraft:cave_spider": {"trigger": "minecraft:player_killed_entity", "conditions": {"entity": {"type": "minecraft:cave_spider"}}}, "minecraft:pillager": {"trigger": "minecraft:player_killed_entity", "conditions": {"entity": {"type": "minecraft:pillager"}}}, "suspicious_stew": {"trigger": "minecraft:consume_item", "conditions": {"item": {"item": "minecraft:suspicious_stew"}}}, "cod": {"trigger": "minecraft:fishing_rod_hooked", "conditions": {"item": {"item": "minecraft:cod"}}}, "textures/entity/cat/red.png": {"trigger": "minecraft:tame_animal", "conditions": {"entity": {"catType": "minecraft:textures/entity/cat/red.png"}}}, "melon_stem": {"trigger": "minecraft:placed_block", "conditions": {"block": "minecraft:melon_stem"}}, "minecraft:magma_cube": {"trigger": "minecraft:player_killed_entity", "conditions": {"entity": {"type": "minecraft:magma_cube"}}}, "minecraft:snowy_mountains": {"trigger": "minecraft:location", "conditions": {"biome": "minecraft:snowy_mountains"}}, "minecraft:zombie_villager": {"trigger": "minecraft:player_killed_entity", "conditions": {"entity": {"type": "minecraft:zombie_villager"}}}, "porkchop": {"trigger": "minecraft:consume_item", "conditions": {"item": {"item": "minecraft:porkchop"}}}, "minecraft:ghast": {"trigger": "minecraft:player_killed_entity", "conditions": {"entity": {"type": "minecraft:ghast"}}}, "minecraft:cold_ocean": {"trigger": "minecraft:location", "conditions": {"biome": "minecraft:cold_ocean"}}, "elytra": {"trigger": "minecraft:inventory_changed", "conditions": {"items": [{"item": "minecraft:elytra"}]}}, "golden_apple": {"trigger": "minecraft:consume_item", "conditions": {"item": {"item": "minecraft:golden_apple"}}}, "iron_helmet": {"trigger": "minecraft:inventory_changed", "conditions": {"items": [{"item": "minecraft:iron_helmet"}]}}, "minecraft:desert_hills": {"trigger": "minecraft:location", "conditions": {"biome": "minecraft:desert_hills"}}, "killed_skeleton": {"trigger": "minecraft:player_killed_entity", "conditions": {"entity": {"type": "minecraft:skeleton", "distance": {"horizontal": {"min": 50.0}}}, "killing_blow": {"is_projectile": true}}}, "minecraft:deep_lukewarm_ocean": {"trigger": "minecraft:location", "conditions": {"biome": "minecraft:deep_lukewarm_ocean"}}}, "rewards": {"experience": 65}}