{"parent": "minecraft:nether/get_wither_skull", "display": {"icon": {"item": "minecraft:wheat"}, "title": {"translate": "advancements.nether.create_full_beacon.title"}, "description": {"text": "entity:ghast, parent:sheep, items:crafting_table, entity:#raiders, item:apple, item:pufferfish, entity:cave_spider, entity:husk, cat:black, victims:phantom+phantom, entity:slime, item:sweet_berries, entity:enderman, item:cooked_chicken, entity:vindicator, feature:stronghold, biome:river, entity:zombie, cat:tabby, parent:fox, entity:ravager, parent:panda, biome:savanna_plateau, item:cooked_mutton, entity:silverfish, parent:ocelot, victims:pillager, items:iron_leggings, entity:drowned, parent:pig, entity:pillager, biome:birch_forest_hills, item:beef, cat:ragdoll, item:rotten_flesh, parent:llama, items:wither_skeleton_skull, biome:wooded_badlands_plateau"}, "frame": "task", "show_toast": true, "announce_to_chat": true, "hidden": false}, "criteria": {"minecraft:ghast": {"trigger": "minecraft:player_killed_entity", "conditions": {"entity": {"type": "minecraft:ghast"}}}, "minecraft:sheep": {"trigger": "minecraft:bred_animals", "conditions": {"parent": {"type": "minecraft:sheep"}}}, "crafting_table": {"trigger": "minecraft:inventory_changed", "conditions": {"items": [{"item": "minecraft:crafting_table"}]}}, "voluntary_exile": {"trigger": "minecraft:player_killed_entity", "conditions": {"entity": {"type": "#minecraft:raiders", "equipment": {"head": {"item": "minecraft:white_banner", "nbt": "{BlockEntityTag:{Patterns:[{Color:9,Pattern:\"mr\"},{Color:8,Pattern:\"bs\"},{Color:7,Pattern:\"cs\"},{Color:8,Pattern:\"bo\"},{Color:15,Pattern:\"ms\"},{Color:8,Pattern:\"hh\"},{Color:8,Pattern:\"mc\"},{Color:15,Pattern:\"bo\"}]},display:{Name:'{\"color\":\"gold\",\"translate\":\"block.minecraft.ominous_banner\"}'}}"}}}}}, "apple": {"trigger": "minecraft:consume_item", "conditions": {"item": {"item": "minecraft:apple"}}}, "pufferfish": {"trigger": "minecraft:consume_item", "conditions": {"item": {"item": "minecraft:pufferfish"}}}, "minecraft:cave_spider": {"trigger": "minecraft:player_killed_entity", "conditions": {"entity": {"type": "minecraft:cave_spider"}}}, "minecraft:husk": {"trigger": "minecraft:player_killed_entity", "conditions": {"entity": {"type": "minecraft:husk"}}}, "textures/entity/cat/black.png": {"trigger": "minecraft:tame_animal", "conditions": {"entity": {"catType": "minecraft:textures/entity/cat/black.png"}}}, "two_birds": {"trigger": "minecraft:killed_by_crossbow", "conditions": {"victims": [{"type": "minecraft:phantom"}, {"type": "minecraft:phantom"}]}}, "minecraft:slime": {"trigger": "minecraft:player_killed_entity", "conditions": {"entity": {"type": "minecraft:slime"}}}, "sweet_berries": {"trigger": "minecraft:consume_item", "conditions": {"item": {"item": "minecraft:sweet_berries"}}}, "minecraft:enderman": {"trigger": "minecraft:player_killed_entity", "conditions": {"entity": {"type": "minecraft:enderman"}}}, "cooked_chicken": {"trigger": "minecraft:consume_item", "conditions": {"item": {"item": "minecraft:cooked_chicken"}}}, "minecraft:vindicator": {"trigger": "minecraft:player_killed_entity", "conditions": {"entity": {"type": "minecraft:vindicator"}}}, "in_stronghold": {"trigger": "minecraft:location", "conditions": {"feature": "stronghold"}}, "minecraft:river": {"trigger": "minecraft:location", "conditions": {"biome": "minecraft:river"}}, "minecraft:zombie": {"trigger": "minecraft:player_killed_entity", "conditions": {"entity": {"type": "minecraft:zombie"}}}, "textures/entity/cat/tabby.png": {"trigger": "minecraft:tame_animal", "conditions": {"entity": {"catType": "minecraft:textures/entity/cat/tabby.png"}}}, "minecraft:fox": {"trigger": "minecraft:bred_animals", "conditions": {"parent": {"type": "minecraft:fox"}}}, "minecraft:ravager": {"trigger": "minecraft:player_killed_entity", "conditions": {"entity": {"type": "minecraft:ravager"}}}, "minecraft:panda": {"trigger": "minecraft:bred_animals", "conditions": {"parent": {"type": "minecraft:panda"}}}, "minecraft:savanna_plateau": {"trigger": "minecraft:location", "conditions": {"biome": "minecraft:savanna_plateau"}}, "cooked_mutton": {"trigger": "minecraft:consume_item", "conditions": {"item": {"item": "minecraft:cooked_mutton"}}}, "minecraft:silverfish": {"trigger": "minecraft:player_killed_entity", "conditions": {"entity": {"type": "minecraft:silverfish"}}}, "minecraft:ocelot": {"trigger": "minecraft:bred_animals", "conditions": {"parent": {"type": "minecraft:ocelot"}}}, "kill_pillager": {"trigger": "minecraft:killed_by_crossbow", "conditions": {"victims": [{"type": "minecraft:pillager"}]}}, "iron_leggings": {"trigger": "minecraft:inventory_changed", "conditions": {"items": [{"item": "minecraft:iron_leggings"}]}}, "minecraft:drowned": {"trigger": "minecraft:player_killed_entity", "conditions": {"entity": {"type": "minecraft:drowned"}}}, "minecraft:pig": {"trigger": "minecraft:bred_animals", "conditions": {"parent": {"type": "minecraft:pig"}}}, "minecraft:pillager": {"trigger": "minecraft:player_killed_entity", "conditions": {"entity": {"type": "minecraft:pillager"}}}, "minecraft:birch_forest_hills": {"trigger": "minecraft:location", "conditions": {"biome": "minecraft:birch_forest_hills"}}, "beef": {"trigger": "minecraft:consume_item", "conditions": {"item": {"item": "minecraft:beef"}}}, "textures/entity/cat/ragdoll.png": {"trigger": "minecraft:tame_animal", "conditions": {"entity": {"catType": "minecraft:textures/entity/cat/ragdoll.png"}}}, "rotten_flesh": {"trigger": "minecraft:consume_item", "conditions": {"item": {"item": "minecraft:rotten_flesh"}}}, "minecraft:llama": {"trigger": "minecraft:bred_animals", "conditions": {"parent": {"type": "minecraft:llama"}}}, "wither_skull": {"trigger": "minecraft:inventory_changed", "conditions": {"items": [{"item": "minecraft:wither_skeleton_skull"}]}}, "minecraft:wooded_badlands_plateau": {"trigger": "minecraft:location", "conditions": {"biome": "minecraft:wooded_badlands_plateau"}}}, "rewards": {}}