{"parent": "minecraft:end/kill_dragon", "display": {"icon": {"item": "minecraft:obsidian"}, "title": {"translate": "advancements.story.cure_zombie_villager.title"}, "description": {"text": "item:cod_bucket, biome:forest"}, "frame": "task", "show_toast": true, "announce_to_chat": true, "hidden": false}, "criteria": {"cod_bucket": {"trigger": "minecraft:filled_bucket", "conditions": {"item": {"item": "minecraft:cod_bucket"}}}, "minecraft:forest": {"trigger": "minecraft:location", "conditions": {"biome": "minecraft:forest"}}}, "rewards": {}}