{"parent": "minecraft:end/kill_dragon", "display": {"icon": {"item": "minecraft:crossbow"}, "title": {"translate": "advancements.adventure.throw_trident.title"}, "description": {"text": "item:crossbow, block:nether_wart, to:the_nether, effects:slow_falling+invisibility+resistance+slowness+jump_boost+water_breathing+speed+weakness+strength+night_vision+poison+fire_resistance+regeneration"}, "frame": "task", "show_toast": true, "announce_to_chat": true, "hidden": false}, "criteria": {"shot_crossbow": {"trigger": "minecraft:shot_crossbow", "conditions": {"item": {"item": "minecraft:crossbow"}}}, "nether_wart": {"trigger": "minecraft:placed_block", "conditions": {"block": "minecraft:nether_wart"}}, "entered_nether": {"trigger": "minecraft:changed_dimension", "conditions": {"to": "minecraft:the_nether"}}, "all_effects": {"trigger": "minecraft:effects_changed", "conditions": {"effects": {"minecraft:slow_falling": {}, "minecraft:invisibility": {}, "minecraft:resistance": {}, "minecraft:slowness": {}, "minecraft:jump_boost": {}, "minecraft:water_breathing": {}, "minecraft:speed": {}, "minecraft:weakness": {}, "minecraft:strength": {}, "minecraft:night_vision": {}, "minecraft:poison": {}, "minecraft:fire_resistance": {}, "minecraft:regeneration": {}}}}}, "rewards": {}}