{"parent": "minecraft:end/root", "display": {"icon": {"item": "minecraft:ghast_tear"}, "title": {"translate": "advancements.adventure.voluntary_exile.title"}, "description": {"text": "biome:deep_frozen_ocean, victims:, unique_entity_types:5, items:iron_boots, biome:bamboo_jungle"}, "frame": "challenge", "show_toast": true, "announce_to_chat": true, "hidden": false}, "criteria": {"minecraft:deep_frozen_ocean": {"trigger": "minecraft:location", "conditions": {"biome": "minecraft:deep_frozen_ocean"}}, "arbalistic": {"trigger": "minecraft:killed_by_crossbow", "conditions": {"victims": [], "unique_entity_types": 5}}, "iron_boots": {"trigger": "minecraft:inventory_changed", "conditions": {"items": [{"item": "minecraft:iron_boots"}]}}, "minecraft:bamboo_jungle": {"trigger": "minecraft:location", "conditions": {"biome": "minecraft:bamboo_jungle"}}}, "rewards": {}}