{"display": {"icon": {"item": "minecraft:ender_pearl"}, "title": {"translate": "advancements.story.form_obsidian.title"}, "description": {"text": "biome:mushroom_field_shore"}, "frame": "goal", "show_toast": true, "announce_to_chat": true, "hidden": false, "background": "minecraft:textures/gui/advancements/backgrounds/end.png"}, "criteria": {"minecraft:mushroom_field_shore": {"trigger": "minecraft:location", "conditions": {"biome": "minecraft:mushroom_field_shore"}}}, "rewards": {"experience": 1000}}