{"type": "minecraft:chest", "pools": [{"rolls": 1, "entries": [{"type": "minecraft:item", "functions": [{"function": "minecraft:exploration_map", "destination": "buried_treasure", "decoration": "red_x", "zoom": 1, "skip_existing_chunks": false}], "name": "minecraft:map"}]}, {"rolls": 3, "entries": [{"type": "minecraft:item", "name": "minecraft:compass"}, {"type": "minecraft:item", "name": "minecraft:map"}, {"type": "minecraft:item", "name": "minecraft:clock"}, {"type": "minecraft:item", "weight": 20, "functions": [{"function": "minecraft:set_count", "count": {"min": 1, "max": 10.0, "type": "minecraft:uniform"}}], "name": "minecraft:paper"}, {"type": "minecraft:item", "weight": 10, "functions": [{"function": "minecraft:set_count", "count": {"min": 1, "max": 5.0, "type": "minecraft:uniform"}}], "name": "minecraft:feather"}, {"type": "minecraft:item", "weight": 5, "functions": [{"function": "minecraft:set_count", "count": {"min": 1, "max": 5.0, "type": "minecraft:uniform"}}], "name": "minecraft:book"}]}]}