{"type": "minecraft:entity", "pools": [{"rolls": 1, "entries": [{"type": "minecraft:item", "functions": [{"function": "minecraft:set_count", "count": {"min": 1, "max": 2.0, "type": "minecraft:uniform"}}, {"function": "minecraft:looting_enchant", "count": {"min": 1, "max": 1.0}}], "name": "minecraft:rotten_flesh"}]}, {"rolls": 1, "entries": [{"type": "minecraft:item", "name": "minecraft:iron_ingot"}, {"type": "minecraft:item", "name": "minecraft:carrot"}, {"type": "minecraft:item", "name": "minecraft:potato"}]}]}