{"type": "minecraft:chest", "pools": [{"rolls": {"min": 1.0, "max": 5.0, "type": "minecraft:uniform"}, "entries": [{"type": "minecraft:item", "functions": [{"function": "minecraft:set_count", "count": {"min": 1, "max": 3.0, "type": "minecraft:uniform"}}], "name": "minecraft:leather"}, {"type": "minecraft:item", "weight": 2, "name": "minecraft:leather_chestplate"}, {"type": "minecraft:item", "weight": 2, "name": "minecraft:leather_boots"}, {"type": "minecraft:item", "weight": 2, "name": "minecraft:leather_helmet"}, {"type": "minecraft:item", "weight": 5, "functions": [{"function": "minecraft:set_count", "count": {"min": 1, "max": 4.0, "type": "minecraft:uniform"}}], "name": "minecraft:bread"}, {"type": "minecraft:item", "weight": 2, "name": "minecraft:leather_leggings"}, {"type": "minecraft:item", "name": "minecraft:saddle"}, {"type": "minecraft:item", "functions": [{"function": "minecraft:set_count", "count": {"min": 1, "max": 4.0, "type": "minecraft:uniform"}}], "name": "minecraft:emerald"}]}]}