{"type": "minecraft:chest", "pools": [{"rolls": {"min": 2.0, "max": 4.0, "type": "minecraft:uniform"}, "entries": [{"type": "minecraft:item", "weight": 5, "functions": [{"function": "minecraft:set_count", "count": {"min": 1, "max": 3.0, "type": "minecraft:uniform"}}], "name": "minecraft:diamond"}, {"type": "minecraft:item", "weight": 5, "functions": [{"function": "minecraft:set_count", "count": {"min": 1, "max": 5.0, "type": "minecraft:uniform"}}], "name": "minecraft:iron_ingot"}, {"type": "minecraft:item", "weight": 15, "functions": [{"function": "minecraft:set_count", "count": {"min": 1, "max": 3.0, "type": "minecraft:uniform"}}], "name": "minecraft:gold_ingot"}, {"type": "minecraft:item", "weight": 5, "name": "minecraft:golden_sword"}, {"type": "minecraft:item", "weight": 5, "name": "minecraft:golden_chestplate"}, {"type": "minecraft:item", "weight": 5, "name": "minecraft:flint_and_steel"}, {"type": "minecraft:item", "weight": 5, "functions": [{"function": "minecraft:set_count", "count": {"min": 3.0, "max": 7.0, "type": "minecraft:uniform"}}], "name": "minecraft:nether_wart"}, {"type": "minecraft:item", "weight": 10, "name": "minecraft:saddle"}, {"type": "minecraft:item", "weight": 8, "name": "minecraft:golden_horse_armor"}, {"type": "minecraft:item", "weight": 5, "name": "minecraft:iron_horse_armor"}, {"type": "minecraft:item", "weight": 3, "name": "minecraft:diamond_horse_armor"}, {"type": "minecraft:item", "weight": 2, "functions": [{"function": "minecraft:set_count", "count": {"min": 2.0, "max": 4.0, "type": "minecraft:uniform"}}], "name": "minecraft:obsidian"}]}]}