{"type": "minecraft:chest", "pools": [{"rolls": {"min": 2.0, "max": 4.0, "type": "minecraft:uniform"}, "entries": [{"type": "minecraft:item", "weight": 5, "functions": [{"function": "minecraft:set_count", "count": {"min": 1, "max": 3.0, "type": "minecraft:uniform"}}], "name": "minecraft:diamond"}, {"type": "minecraft:item", "weight": 15, "functions": [{"function": "minecraft:set_count", "count": {"min": 1, "max": 5.0, "type": "minecraft:uniform"}}], "name": "minecraft:iron_ingot"}, {"type": "minecraft:item", "weight": 15, "functions": [{"function": "minecraft:set_count", "count": {"min": 2.0, "max": 7.0, "type": "minecraft:uniform"}}], "name": "minecraft:gold_ingot"}, {"type": "minecraft:item", "weight": 15, "functions": [{"function": "minecraft:set_count", "count": {"min": 1, "max": 3.0, "type": "minecraft:uniform"}}], "name": "minecraft:emerald"}, {"type": "minecraft:item", "weight": 25, "functions": [{"function": "minecraft:set_count", "count": {"min": 4.0, "max": 6.0, "type": "minecraft:uniform"}}], "name": "minecraft:bone"}, {"type": "minecraft:item", "weight": 25, "functions": [{"function": "minecraft:set_count", "count": {"min": 1, "max": 3.0, "type": "minecraft:uniform"}}], "name": "minecraft:spider_eye"}, {"type": "minecraft:item", "weight": 25, "functions": [{"function": "minecraft:set_count", "count": {"min": 3.0, "max": 7.0, "type": "minecraft:uniform"}}], "name": "minecraft:rotten_flesh"}, {"type": "minecraft:item", "weight": 20, "name": "minecraft:saddle"}, {"type": "minecraft:item", "weight": 15, "name": "minecraft:iron_horse_armor"}, {"type": "minecraft:item", "weight": 10, "name": "minecraft:golden_horse_armor"}, {"type": "minecraft:item", "weight": 5, "name": "minecraft:diamond_horse_armor"}, {"type": "minecraft:item", "weight": 20, "functions": [{"function": "minecraft:enchant_randomly"}], "name": "minecraft:book"}, {"type": "minecraft:item", "weight": 20, "name": "minecraft:golden_apple"}, {"type": "minecraft:item", "weight": 2, "name": "minecraft:enchanted_golden_apple"}, {"type": "minecraft:empty", "weight": 15}]}, {"rolls": 4, "entries": [{"type": "minecraft:item", "weight": 10, "functions": [{"function": "minecraft:set_count", "count": {"min": 1, "max": 8.0, "type": "minecraft:uniform"}}], "name": "minecraft:bone"}, {"type": "minecraft:item", "weight": 10, "functions": [{"function": "minecraft:set_count", "count": {"min": 1, "max": 8.0, "type": "minecraft:uniform"}}], "name": "minecraft:gunpowder"}, {"type": "minecraft:item", "weight": 10, "functions": [{"function": "minecraft:set_count", "count": {"min": 1, "max": 8.0, "type": "minecraft:uniform"}}], "name": "minecraft:rotten_flesh"}, {"type": "minecraft:item", "weight": 10, "functions": [{"function": "minecraft:set_count", "count": {"min": 1, "max": 8.0, "type": "minecraft:uniform"}}], "name": "minecraft:string"}, {"type": "minecraft:item", "weight": 10, "functions": [{"function": "minecraft:set_count", "count": {"min": 1, "max": 8.0, "type": "minecraft:uniform"}}], "name": "minecraft:sand"}]}]}