{"type": "minecraft:chest", "pools": [{"rolls": {"min": 1.0, "max": 5.0, "type": "minecraft:uniform"}, "entries": [{"type": "minecraft:item", "name": "minecraft:emerald"}, {"type": "minecraft:item", "weight": 2, "functions": [{"function": "minecraft:set_count", "count": {"min": 1, "max": 3.0, "type": "minecraft:uniform"}}], "name": "minecraft:arrow"}, {"type": "minecraft:item", "weight": 6, "functions": [{"function": "minecraft:set_count", "count": {"min": 1, "max": 3.0, "type": "minecraft:uniform"}}], "name": "minecraft:feather"}, {"type": "minecraft:item", "weight": 2, "functions": [{"function": "minecraft:set_count", "count": {"min": 1, "max": 3.0, "type": "minecraft:uniform"}}], "name": "minecraft:egg"}, {"type": "minecraft:item", "weight": 6, "functions": [{"function": "minecraft:set_count", "count": {"min": 1, "max": 3.0, "type": "minecraft:uniform"}}], "name": "minecraft:flint"}, {"type": "minecraft:item", "weight": 6, "functions": [{"function": "minecraft:set_count", "count": {"min": 1, "max": 3.0, "type": "minecraft:uniform"}}], "name": "minecraft:stick"}]}]}