{"type": "minecraft:chest", "pools": [{"rolls": {"min": 3.0, "max": 8.0, "type": "minecraft:uniform"}, "entries": [{"type": "minecraft:item", "weight": 2, "functions": [{"function": "minecraft:set_count", "count": {"min": 1, "max": 4.0, "type": "minecraft:uniform"}}], "name": "minecraft:redstone"}, {"type": "minecraft:item", "weight": 7, "functions": [{"function": "minecraft:set_count", "count": {"min": 1, "max": 4.0, "type": "minecraft:uniform"}}], "name": "minecraft:bread"}, {"type": "minecraft:item", "weight": 7, "functions": [{"function": "minecraft:set_count", "count": {"min": 1, "max": 4.0, "type": "minecraft:uniform"}}], "name": "minecraft:rotten_flesh"}, {"type": "minecraft:item", "functions": [{"function": "minecraft:set_count", "count": {"min": 1, "max": 4.0, "type": "minecraft:uniform"}}], "name": "minecraft:lapis_lazuli"}, {"type": "minecraft:item", "functions": [{"function": "minecraft:set_count", "count": {"min": 1, "max": 4.0, "type": "minecraft:uniform"}}], "name": "minecraft:gold_ingot"}, {"type": "minecraft:item", "functions": [{"function": "minecraft:set_count", "count": {"min": 1, "max": 4.0, "type": "minecraft:uniform"}}], "name": "minecraft:emerald"}]}]}