{"type": "minecraft:entity", "pools": [{"rolls": 1, "entries": [{"type": "minecraft:item", "functions": [{"function": "minecraft:set_count", "count": {"min": 1, "max": 2.0, "type": "minecraft:uniform"}}, {"function": "minecraft:looting_enchant", "count": {"min": 1, "max": 1.0}}], "name": "minecraft:prismarine_shard"}]}, {"rolls": 1, "entries": [{"type": "minecraft:item", "weight": 2, "functions": [{"function": "minecraft:looting_enchant", "count": {"min": 1, "max": 1.0}}, {"function": "minecraft:furnace_smelt", "conditions": [{"condition": "minecraft:entity_properties", "predicate": {"flags": {"is_on_fire": true}}, "entity": "this"}]}], "name": "minecraft:cod"}, {"type": "minecraft:item", "weight": 2, "functions": [{"function": "minecraft:looting_enchant", "count": {"min": 1, "max": 1.0}}], "name": "minecraft:prismarine_crystals"}, {"type": "minecraft:empty"}]}, {"rolls": 1, "entries": [{"type": "minecraft:loot_table", "name": "minecraft:gameplay/fishing/fish"}]}]}