{"type": "minecraft:chest", "pools": [{"rolls": {"min": 1.0, "max": 5.0, "type": "minecraft:uniform"}, "entries": [{"type": "minecraft:item", "name": "minecraft:emerald"}, {"type": "minecraft:item", "weight": 6, "functions": [{"function": "minecraft:set_count", "count": {"min": 1, "max": 3.0, "type": "minecraft:uniform"}}], "name": "minecraft:porkchop"}, {"type": "minecraft:item", "weight": 6, "functions": [{"function": "minecraft:set_count", "count": {"min": 1, "max": 3.0, "type": "minecraft:uniform"}}], "name": "minecraft:wheat"}, {"type": "minecraft:item", "weight": 6, "functions": [{"function": "minecraft:set_count", "count": {"min": 1, "max": 3.0, "type": "minecraft:uniform"}}], "name": "minecraft:beef"}, {"type": "minecraft:item", "weight": 6, "functions": [{"function": "minecraft:set_count", "count": {"min": 1, "max": 3.0, "type": "minecraft:uniform"}}], "name": "minecraft:mutton"}, {"type": "minecraft:item", "weight": 3, "functions": [{"function": "minecraft:set_count", "count": {"min": 1, "max": 3.0, "type": "minecraft:uniform"}}], "name": "minecraft:coal"}]}]}