{"type": "minecraft:chest", "pools": [{"rolls": {"min": 3.0, "max": 8.0, "type": "minecraft:uniform"}, "entries": [{"type": "minecraft:item", "functions": [{"function": "minecraft:set_count", "count": {"min": 1, "max": 3.0, "type": "minecraft:uniform"}}], "name": "minecraft:gold_nugget"}, {"type": "minecraft:item", "weight": 5, "name": "minecraft:grass"}, {"type": "minecraft:item", "weight": 5, "name": "minecraft:tall_grass"}, {"type": "minecraft:item", "weight": 10, "functions": [{"function": "minecraft:set_count", "count": {"min": 1, "max": 4.0, "type": "minecraft:uniform"}}], "name": "minecraft:bread"}, {"type": "minecraft:item", "weight": 10, "functions": [{"function": "minecraft:set_count", "count": {"min": 1, "max": 5.0, "type": "minecraft:uniform"}}], "name": "minecraft:wheat_seeds"}, {"type": "minecraft:item", "weight": 2, "functions": [{"function": "minecraft:set_count", "count": {"min": 1, "max": 4.0, "type": "minecraft:uniform"}}], "name": "minecraft:emerald"}, {"type": "minecraft:item", "weight": 10, "functions": [{"function": "minecraft:set_count", "count": {"min": 1, "max": 2.0, "type": "minecraft:uniform"}}], "name": "minecraft:acacia_sapling"}, {"type": "minecraft:item", "name": "minecraft:saddle"}, {"type": "minecraft:item", "functions": [{"function": "minecraft:set_count", "count": {"min": 1, "max": 2.0, "type": "minecraft:uniform"}}], "name": "minecraft:torch"}, {"type": "minecraft:item", "name": "minecraft:bucket"}]}]}