{"type": "minecraft:chest", "pools": [{"rolls": 1, "entries": [{"type": "minecraft:item", "name": "minecraft:stone_axe"}, {"type": "minecraft:item", "weight": 3, "name": "minecraft:wooden_axe"}]}, {"rolls": 1, "entries": [{"type": "minecraft:item", "name": "minecraft:stone_pickaxe"}, {"type": "minecraft:item", "weight": 3, "name": "minecraft:wooden_pickaxe"}]}, {"rolls": 3, "entries": [{"type": "minecraft:item", "weight": 5, "functions": [{"function": "minecraft:set_count", "count": {"min": 1, "max": 2.0, "type": "minecraft:uniform"}}], "name": "minecraft:apple"}, {"type": "minecraft:item", "weight": 3, "functions": [{"function": "minecraft:set_count", "count": {"min": 1, "max": 2.0, "type": "minecraft:uniform"}}], "name": "minecraft:bread"}, {"type": "minecraft:item", "weight": 3, "functions": [{"function": "minecraft:set_count", "count": {"min": 1, "max": 2.0, "type": "minecraft:uniform"}}], "name": "minecraft:salmon"}]}, {"rolls": 4, "entries": [{"type": "minecraft:item", "weight": 10, "functions": [{"function": "minecraft:set_count", "count": {"min": 1, "max": 12.0, "type": "minecraft:uniform"}}], "name": "minecraft:stick"}, {"type": "minecraft:item", "weight": 10, "functions": [{"function": "minecraft:set_count", "count": {"min": 1, "max": 12.0, "type": "minecraft:uniform"}}], "name": "minecraft:oak_planks"}, {"type": "minecraft:item", "weight": 3, "functions": [{"function": "minecraft:set_count", "count": {"min": 1, "max": 3.0, "type": "minecraft:uniform"}}], "name": "minecraft:oak_log"}, {"type": "minecraft:item", "weight": 3, "functions": [{"function": "minecraft:set_count", "count": {"min": 1, "max": 3.0, "type": "minecraft:uniform"}}], "name": "minecraft:spruce_log"}, {"type": "minecraft:item", "weight": 3, "functions": [{"function": "minecraft:set_count", "count": {"min": 1, "max": 3.0, "type": "minecraft:uniform"}}], "name": "minecraft:birch_log"}, {"type": "minecraft:item", "weight": 3, "functions": [{"function": "minecraft:set_count", "count": {"min": 1, "max": 3.0, "type": "minecraft:uniform"}}], "name": "minecraft:jungle_log"}, {"type": "minecraft:item", "weight": 3, "functions": [{"function": "minecraft:set_count", "count": {"min": 1, "max": 3.0, "type": "minecraft:uniform"}}], "name": "minecraft:acacia_log"}, {"type": "minecraft:item", "weight": 3, "functions": [{"function": "minecraft:set_count", "count": {"min": 1, "max": 3.0, "type": "minecraft:uniform"}}], "name": "minecraft:dark_oak_log"}]}]}