{"type": "minecraft:chest", "pools": [{"rolls": 1, "entries": [{"type": "minecraft:item", "name": "minecraft:heart_of_the_sea"}]}, {"rolls": {"min": 5.0, "max": 8.0, "type": "minecraft:uniform"}, "entries": [{"type": "minecraft:item", "weight": 20, "functions": [{"function": "minecraft:set_count", "count": {"min": 1, "max": 4.0, "type": "minecraft:uniform"}}], "name": "minecraft:iron_ingot"}, {"type": "minecraft:item", "weight": 10, "functions": [{"function": "minecraft:set_count", "count": {"min": 1, "max": 4.0, "type": "minecraft:uniform"}}], "name": "minecraft:gold_ingot"}, {"type": "minecraft:item", "weight": 5, "functions": [{"function": "minecraft:set_count", "count": {"min": 1, "max": 2.0, "type": "minecraft:uniform"}}], "name": "minecraft:tnt"}]}, {"rolls": {"min": 1.0, "max": 3.0, "type": "minecraft:uniform"}, "entries": [{"type": "minecraft:item", "weight": 5, "functions": [{"function": "minecraft:set_count", "count": {"min": 4.0, "max": 8.0, "type": "minecraft:uniform"}}], "name": "minecraft:emerald"}, {"type": "minecraft:item", "weight": 5, "functions": [{"function": "minecraft:set_count", "count": {"min": 1, "max": 2.0, "type": "minecraft:uniform"}}], "name": "minecraft:diamond"}, {"type": "minecraft:item", "weight": 5, "functions": [{"function": "minecraft:set_count", "count": {"min": 1, "max": 5.0, "type": "minecraft:uniform"}}], "name": "minecraft:prismarine_crystals"}]}, {"rolls": {"min": 0.0, "max": 1.0, "type": "minecraft:uniform"}, "entries": [{"type": "minecraft:item", "name": "minecraft:leather_chestplate"}, {"type": "minecraft:item", "name": "minecraft:iron_sword"}]}, {"rolls": 2, "entries": [{"type": "minecraft:item", "functions": [{"function": "minecraft:set_count", "count": {"min": 2.0, "max": 4.0, "type": "minecraft:uniform"}}], "name": "minecraft:cooked_cod"}, {"type": "minecraft:item", "functions": [{"function": "minecraft:set_count", "count": {"min": 2.0, "max": 4.0, "type": "minecraft:uniform"}}], "name": "minecraft:cooked_salmon"}]}]}