{"type": "minecraft:entity", "pools": [{"rolls": 1, "entries": [{"type": "minecraft:item", "functions": [{"function": "minecraft:set_count", "count": {"min": 1, "max": 1.0, "type": "minecraft:uniform"}}, {"function": "minecraft:looting_enchant", "count": {"min": 1, "max": 1.0}}], "name": "minecraft:rabbit_hide"}]}, {"rolls": 1, "entries": [{"type": "minecraft:item", "functions": [{"function": "minecraft:set_count", "count": {"min": 1, "max": 1.0, "type": "minecraft:uniform"}}, {"function": "minecraft:furnace_smelt", "conditions": [{"condition": "minecraft:entity_properties", "predicate": {"flags": {"is_on_fire": true}}, "entity": "this"}]}, {"function": "minecraft:looting_enchant", "count": {"min": 1, "max": 1.0}}], "name": "minecraft:rabbit"}]}, {"rolls": 1, "entries": [{"type": "minecraft:item", "name": "minecraft:rabbit_foot"}]}]}