{"parent": "minecraft:story/lava_bucket", "display": {"icon": {"item": "minecraft:shield"}, "title": {"translate": "advancements.end.root.title"}, "description": {"text": "items:iron_ingot, block:pumpkin_stem, biome:mushroom_fields, parent:wolf, entity:ravager, block:beetroots, biome:snowy_taiga_hills, villager_trade, parent:turtle, entity:vindicator, block:wheat, biome:plains, items:diamond_boots, distance horizontal min:7000.0"}, "frame": "task", "show_toast": true, "announce_to_chat": true, "hidden": false}, "criteria": {"iron": {"trigger": "minecraft:inventory_changed", "conditions": {"items": [{"item": "minecraft:iron_ingot"}]}}, "pumpkin_stem": {"trigger": "minecraft:placed_block", "conditions": {"block": "minecraft:pumpkin_stem"}}, "minecraft:mushroom_fields": {"trigger": "minecraft:location", "conditions": {"biome": "minecraft:mushroom_fields"}}, "minecraft:wolf": {"trigger": "minecraft:bred_animals", "conditions": {"parent": {"type": "minecraft:wolf"}}}, "minecraft:ravager": {"trigger": "minecraft:player_killed_entity", "conditions": {"entity": {"type": "minecraft:ravager"}}}, "beetroots": {"trigger": "minecraft:placed_block", "conditions": {"block": "minecraft:beetroots"}}, "minecraft:snowy_taiga_hills": {"trigger": "minecraft:location", "conditions": {"biome": "minecraft:snowy_taiga_hills"}}, "traded": {"trigger": "minecraft:villager_trade", "conditions": {}}, "minecraft:turtle": {"trigger": "minecraft:bred_animals", "conditions": {"parent": {"type": "minecraft:turtle"}}}, "minecraft:vindicator": {"trigger": "minecraft:player_killed_entity", "conditions": {"entity": {"type": "minecraft:vindicator"}}}, "wheat": {"trigger": "minecraft:placed_block", "conditions": {"block": "minecraft:wheat"}}, "minecraft:plains": {"trigger": "minecraft:location", "conditions": {"biome": "minecraft:plains"}}, "diamond_boots": {"trigger": "minecraft:inventory_changed", "conditions": {"items": [{"item": "minecraft:diamond_boots"}]}}, "travelled": {"trigger": "minecraft:nether_travel", "conditions": {"distance": {"horizontal": {"min": 7000.0}}}}}, "rewards": {}}