{"parent": "minecraft:story/smelt_iron", "display": {"icon": {"item": "minecraft:crossbow"}, "title": {"translate": "advancements.adventure.trade.title"}, "description": {"text": "biome:snowy_tundra, brewed_potion, item:carrot, entity:shulker, entity:stray"}, "frame": "goal", "show_toast": true, "announce_to_chat": true, "hidden": false}, "criteria": {"minecraft:snowy_tundra": {"trigger": "minecraft:location", "conditions": {"biome": "minecraft:snowy_tundra"}}, "potion": {"trigger": "minecraft:brewed_potion", "conditions": {}}, "carrot": {"trigger": "minecraft:consume_item", "conditions": {"item": {"item": "minecraft:carrot"}}}, "minecraft:shulker": {"trigger": "minecraft:player_killed_entity", "conditions": {"entity": {"type": "minecraft:shulker"}}}, "minecraft:stray": {"trigger": "minecraft:player_killed_entity", "conditions": {"entity": {"type": "minecraft:stray"}}}}, "rewards": {}}