{"display": {"icon": {"item": "minecraft:fire_charge"}, "title": {"translate": "advancements.end.elytra.title"}, "description": {"text": "damage:damage:is_projectile=True+direct_entity=arrow"}, "frame": "goal", "show_toast": true, "announce_to_chat": true, "hidden": false, "background": "minecraft:textures/gui/advancements/backgrounds/stone.png"}, "criteria": {"shot_arrow": {"trigger": "minecraft:player_hurt_entity", "conditions": {"damage": {"type": {"is_projectile": true, "direct_entity": {"type": "minecraft:arrow"}}}}}}, "rewards": {"experience": 100}}