{"parent": "minecraft:adventure/root", "display": {"icon": {"item": "minecraft:ender_eye"}, "title": {"translate": "advancements.adventure.summon_iron_golem.title"}, "description": {"text": "item:pufferfish, item:salmon, entity:zombie_pigman, item:baked_potato"}, "frame": "challenge", "show_toast": true, "announce_to_chat": true, "hidden": false}, "criteria": {"pufferfish": {"trigger": "minecraft:fishing_rod_hooked", "conditions": {"item": {"item": "minecraft:pufferfish"}}}, "salmon": {"trigger": "minecraft:fishing_rod_hooked", "conditions": {"item": {"item": "minecraft:salmon"}}}, "minecraft:zombie_pigman": {"trigger": "minecraft:player_killed_entity", "conditions": {"entity": {"type": "minecraft:zombie_pigman"}}}, "baked_potato": {"trigger": "minecraft:consume_item", "conditions": {"item": {"item": "minecraft:baked_potato"}}}}, "rewards": {}}