{"display": {"icon": {"item": "minecraft:nether_star"}, "title": {"translate": "advancements.story.enter_the_nether.title"}, "description": {"text": "cat:white"}, "frame": "task", "show_toast": true, "announce_to_chat": true, "hidden": false, "background": "minecraft:textures/gui/advancements/backgrounds/adventure.png"}, "criteria": {"textures/entity/cat/white.png": {"trigger": "minecraft:tame_animal", "conditions": {"entity": {"catType": "minecraft:textures/entity/cat/white.png"}}}}, "rewards": {"experience": 100}}