{"parent": "minecraft:adventure/kill_a_mob", "display": {"icon": {"item": "minecraft:white_banner", "nbt": "{BlockEntityTag:{Patterns:[{Color:9,Pattern:\"mr\"},{Color:8,Pattern:\"bs\"},{Color:7,Pattern:\"cs\"},{Color:8,Pattern:\"bo\"},{Color:15,Pattern:\"ms\"},{Color:8,Pattern:\"hh\"},{Color:8,Pattern:\"mc\"},{Color:15,Pattern:\"bo\"}]},display:{Name:'{\"color\":\"gold\",\"translate\":\"block.minecraft.ominous_banner\"}'}}"}, "title": {"translate": "advancements.nether.summon_wither.title"}, "description": {"text": "feature:endcity"}, "frame": "task", "show_toast": true, "announce_to_chat": true, "hidden": false}, "criteria": {"in_city": {"trigger": "minecraft:location", "conditions": {"feature": "endcity"}}}, "rewards": {}}