{"parent": "minecraft:adventure/kill_a_mob", "display": {"icon": {"item": "minecraft:bow"}, "title": {"translate": "advancements.husbandry.balanced_diet.title"}, "description": {"text": "item:golden_carrot, cat:all_black, entity:creeper, level:min=1, items:iron_pickaxe, items:obsidian, entity:zombie_villager, item:chicken, biome:wooded_mountains, parent:cat, tame_animal"}, "frame": "challenge", "show_toast": true, "announce_to_chat": true, "hidden": false}, "criteria": {"golden_carrot": {"trigger": "minecraft:consume_item", "conditions": {"item": {"item": "minecraft:golden_carrot"}}}, "textures/entity/cat/all_black.png": {"trigger": "minecraft:tame_animal", "conditions": {"entity": {"catType": "minecraft:textures/entity/cat/all_black.png"}}}, "minecraft:creeper": {"trigger": "minecraft:player_killed_entity", "conditions": {"entity": {"type": "minecraft:creeper"}}}, "beacon": {"trigger": "minecraft:construct_beacon", "conditions": {"level": {"min": 1}}}, "iron_pickaxe": {"trigger": "minecraft:inventory_changed", "conditions": {"items": [{"item": "minecraft:iron_pickaxe"}]}}, "obsidian": {"trigger": "minecraft:inventory_changed", "conditions": {"items": [{"item": "minecraft:obsidian"}]}}, "minecraft:zombie_villager": {"trigger": "minecraft:player_killed_entity", "conditions": {"entity": {"type": "minecraft:zombie_villager"}}}, "chicken": {"trigger": "minecraft:consume_item", "conditions": {"item": {"item": "minecraft:chicken"}}}, "minecraft:wooded_mountains": {"trigger": "minecraft:location", "conditions": {"biome": "minecraft:wooded_mountains"}}, "minecraft:cat": {"trigger": "minecraft:bred_animals", "conditions": {"parent": {"type": "minecraft:cat"}}}, "tamed_animal": {"trigger": "minecraft:tame_animal", "conditions": {}}}, "rewards": {"experience": 100}}